{
  "original_alpha": 3.6567357330314234,
  "targets": {
    "-1": {
      "target_alpha": -1,
      "measured_slope": 1.0000556133686318,
      "measured_alpha": -1.0000556133686318,
      "r2": 0.999100464953243
    },
    "0": {
      "target_alpha": 0,
      "measured_slope": 0.00034081773383004695,
      "measured_alpha": -0.00034081773383004695,
      "r2": 0.0001283720242045705
    },
    "1": {
      "target_alpha": 1,
      "measured_slope": -0.999536424614583,
      "measured_alpha": 0.999536424614583,
      "r2": 0.9990892075952549
    },
    "2": {
      "target_alpha": 2,
      "measured_slope": -1.999576223165031,
      "measured_alpha": 1.999576223165031,
      "r2": 0.9997703541490758
    },
    "3": {
      "target_alpha": 3,
      "measured_slope": -2.9997786237526367,
      "measured_alpha": 2.9997786237526367,
      "r2": 0.9998969430438318
    },
    "4": {
      "target_alpha": 4,
      "measured_slope": -4.000143608421132,
      "measured_alpha": 4.000143608421132,
      "r2": 0.9999413897587222
    },
    "5": {
      "target_alpha": 5,
      "measured_slope": -5.0006710954210645,
      "measured_alpha": 5.0006710954210645,
      "r2": 0.999962027284645
    }
  }
}