{
  "original_alpha": 6.027478788798529,
  "targets": {
    "2.7": {
      "target_alpha": 2.7,
      "measured_slope": -2.699965641748276,
      "measured_alpha": 2.699965641748276,
      "r2": 0.9932838672491311
    },
    "3.0": {
      "target_alpha": 3.0,
      "measured_slope": -2.9998954083976788,
      "measured_alpha": 2.9998954083976788,
      "r2": 0.994545283671831
    },
    "3.3": {
      "target_alpha": 3.3,
      "measured_slope": -3.2998397009875142,
      "measured_alpha": 3.2998397009875142,
      "r2": 0.9954816459191218
    },
    "3.67": {
      "target_alpha": 3.67,
      "measured_slope": -3.6697910055844947,
      "measured_alpha": 3.6697910055844947,
      "r2": 0.9963379076357185
    },
    "3.9": {
      "target_alpha": 3.9,
      "measured_slope": -3.8997718769593916,
      "measured_alpha": 3.8997718769593916,
      "r2": 0.9967527660868619
    },
    "4.0": {
      "target_alpha": 4.0,
      "measured_slope": -3.9997662247811148,
      "measured_alpha": 3.9997662247811148,
      "r2": 0.9969114051849798
    }
  }
}