{
  "original_alpha3d": 5.478367988503486,
  "targets": {
    "alpha=2.7": {
      "target": {
        "kind": "powerlaw",
        "alpha3d": 2.7
      },
      "measured_slope": -2.6999999999999997,
      "measured_alpha3d": 2.6999999999999997,
      "r2": 1.0
    },
    "alpha=3.0": {
      "target": {
        "kind": "powerlaw",
        "alpha3d": 3.0
      },
      "measured_slope": -3.0000000000000004,
      "measured_alpha3d": 3.0000000000000004,
      "r2": 1.0
    },
    "alpha=11/3": {
      "target": {
        "kind": "powerlaw",
        "alpha3d": 3.6666666666666665
      },
      "measured_slope": -3.6666666666666714,
      "measured_alpha3d": 3.6666666666666714,
      "r2": 1.0
    },
    "alpha=3.9": {
      "target": {
        "kind": "powerlaw",
        "alpha3d": 3.9
      },
      "measured_slope": -3.9000000000000012,
      "measured_alpha3d": 3.9000000000000012,
      "r2": 1.0
    }
  }
}