{
  "original_alpha": 5.481420739798815,
  "targets": {
    "2.7": {
      "target_alpha": 2.7,
      "measured_slope": -2.699232707215323,
      "measured_alpha": 2.699232707215323,
      "r2": 0.9821685287155976
    },
    "3.0": {
      "target_alpha": 3.0,
      "measured_slope": -2.999253823029173,
      "measured_alpha": 2.999253823029173,
      "r2": 0.9855080449078956
    },
    "3.3": {
      "target_alpha": 3.3,
      "measured_slope": -3.2992898469603675,
      "measured_alpha": 3.2992898469603675,
      "r2": 0.98799387379747
    },
    "3.67": {
      "target_alpha": 3.67,
      "measured_slope": -3.669354807677247,
      "measured_alpha": 3.669354807677247,
      "r2": 0.9902716487484476
    },
    "3.9": {
      "target_alpha": 3.9,
      "measured_slope": -3.899406617168854,
      "measured_alpha": 3.899406617168854,
      "r2": 0.9913765976913552
    },
    "4.0": {
      "target_alpha": 4.0,
      "measured_slope": -3.9994318757387117,
      "measured_alpha": 3.9994318757387117,
      "r2": 0.9917993248491577
    }
  }
}