{
  "slope_Pk": -3.6567357330314234,
  "alpha": 3.6567357330314234,
  "r2": 0.9999301437894522
}