{
  "slope_Pk": -6.027478788798529,
  "alpha": 6.027478788798529,
  "r2": 0.9986286660981921
}