{
  "slope_logPk_vs_logk": -5.478367988503486,
  "alpha3d": 5.478367988503486,
  "r2": 0.9957185200014711
}