{
  "slope_Pk": -5.481420739798815,
  "alpha": 5.481420739798815,
  "r2": 0.9956215792421292
}