{
  "mean": 1.0000946586283845,
  "rms": 0.04132356950926352
}