{
  "mean": 0.9999999999993747,
  "rms": 0.038422634419243734
}