{
  "mean": 1.0000001192120322,
  "rms": 0.03842958332789085
}