{
  "sigma_Phi": 5.159380631489768,
  "lambda": 0.5,
  "lambda4_sigmaPhi2": 1.6637005312869846
}