{
  "slope": -4.30629185799116,
  "intercept": -0.768042683514895,
  "r2": 0.969170366296148,
  "k_min": 0.03528628566272713,
  "k_max": 0.31757657096454417
}