{
  "N_rms": 0.02874456162899617,
  "sigma_Phi_LOS": 0.7224296291545074,
  "Nz": 256
}