{
  "NEW_directional": {
    "slope": -3.3086605102130893,
    "intercept": -3.1015353082408366,
    "r2": 0.9983487036094588,
    "k_min": 0.03528628566272713,
    "k_max": 0.31757657096454417
  },
  "PSA": {
    "slope": -3.771082151856535,
    "intercept": -0.4784109891976755,
    "r2": 0.9980608878792502,
    "k_min": 0.03528628566272713,
    "k_max": 0.31757657096454417
  },
  "PFA": {
    "slope_all": 0.08372764183648154,
    "intercept_all": 3.092202286161195,
    "AIC1": -101.84791765294968,
    "left_slope": 0.854149590818297,
    "right_slope": -1.1121670984128407,
    "AIC2": -383.59230740817316,
    "split_x": 0.27568184681279917
  },
  "DER": {
    "slope": -0.413829684181166,
    "intercept": 5.967936444065949,
    "r2": 0.3911251666046166
  },
  "saturation": {
    "N_rms": 0.02819346688051087,
    "sigma_Phi_LOS": 0.7085791074483208,
    "Nz": 256
  }
}