{
  "slope_all": 0.02946306123134011,
  "intercept_all": 2.96651749716448,
  "AIC1": -100.58167742027821,
  "left_slope": 0.7998133399404739,
  "right_slope": -1.0810921818115384,
  "AIC2": -388.6817620111617,
  "split_x": 0.27568184681279917
}