{
  "slope": -3.3086605102130893,
  "intercept": -3.1015353082408366,
  "r2": 0.9983487036094588,
  "k_min": 0.03528628566272713,
  "k_max": 0.31757657096454417
}