{
  "slope": -3.771082151856535,
  "intercept": -0.4784109891976755,
  "r2": 0.9980608878792502,
  "k_min": 0.03528628566272713,
  "k_max": 0.31757657096454417
}