{
  "N_rms": 0.02819346688051087,
  "sigma_Phi_LOS": 0.7085791074483208,
  "Nz": 256
}