{
  "slope": -3.4949632331847598,
  "intercept": -3.087121010362547,
  "r2": 0.9830543202945767,
  "k_min": 0.03528628566272713,
  "k_max": 0.31757657096454417
}