{
  "NEW_directional": {
    "slope": -3.4949632331847598,
    "intercept": -3.087121010362547,
    "r2": 0.9830543202945767,
    "k_min": 0.03528628566272713,
    "k_max": 0.31757657096454417
  },
  "PSA": {
    "slope": -4.30629185799116,
    "intercept": -0.768042683514895,
    "r2": 0.969170366296148,
    "k_min": 0.03528628566272713,
    "k_max": 0.31757657096454417
  },
  "PFA": {
    "slope_all": 0.02946306123134011,
    "intercept_all": 2.96651749716448,
    "AIC1": -100.58167742027821,
    "left_slope": 0.7998133399404739,
    "right_slope": -1.0810921818115384,
    "AIC2": -388.6817620111617,
    "split_x": 0.27568184681279917
  },
  "DER": {
    "slope": -0.5107442647444913,
    "intercept": 5.803950183857933,
    "r2": 0.4701025657446224
  },
  "saturation": {
    "N_rms": 0.02874456162899617,
    "sigma_Phi_LOS": 0.7224296291545074,
    "Nz": 256
  }
}