{
  "slope_all": 0.08372764183648154,
  "intercept_all": 3.092202286161195,
  "AIC1": -101.84791765294968,
  "left_slope": 0.854149590818297,
  "right_slope": -1.1121670984128407,
  "AIC2": -383.59230740817316,
  "split_x": 0.27568184681279917
}