{
  "slope": -1.7516176042316793,
  "intercept": 5.450670371327372,
  "r2": 0.9698745033955349,
  "xmin": 0.05,
  "xmax": 0.45
}