{
  "slope": -1.120616626088669,
  "intercept": 5.808277393130588,
  "r2": 0.9727726719019595,
  "xmin": 0.1,
  "xmax": 0.3
}