{
  "Directional": {
    "slope": -3.451040751642938,
    "intercept": -3.341454093230114,
    "r2": 0.9929211455834167,
    "xmin": 0.07057257132545426,
    "xmax": 0.21171771397636277
  },
  "PSA": {
    "slope": -3.9228610374987003,
    "intercept": -0.5614515718538432,
    "r2": 0.9958178014629646,
    "xmin": 0.07057257132545426,
    "xmax": 0.21171771397636277
  },
  "PFA": {
    "slope_all": -0.6260474894244461,
    "intercept_all": 2.9923917063638963,
    "AIC1": -213.58181171641868,
    "left_slope": -0.29068871888069264,
    "right_slope": -1.2066613249944689,
    "AIC2": -412.7005152055902,
    "split_x": 0.27568184681279917
  },
  "Derivative": {
    "slope": -1.1177027420052246,
    "intercept": 5.693393565667412,
    "r2": 0.9469749938910367,
    "xmin": 0.1,
    "xmax": 0.3
  },
  "N_rms": {
    "N_rms": 0.22394220461340106,
    "sigma_Phi_total": 5.628281478737304
  }
}