{
  "Directional": {
    "slope": -3.655927213432858,
    "intercept": -3.3258944722405794,
    "r2": 0.9943421147048914,
    "xmin": 0.03501221846193713,
    "xmax": 0.31510996615743414
  },
  "PSA": {
    "slope": -4.721867473243023,
    "intercept": -1.4746632520159328,
    "r2": 0.9892550933898816,
    "xmin": 0.03501221846193713,
    "xmax": 0.31510996615743414
  },
  "PFA": {
    "slope_all": -0.8646459507135282,
    "intercept_all": 2.4810343462881472,
    "AIC1": -192.107977570365,
    "left_slope": -0.4687223600757182,
    "right_slope": -1.5335918413904928,
    "AIC2": -430.7837360818967,
    "split_x": 0.27568184681279917
  },
  "Derivative": {
    "slope": -1.7516176042316793,
    "intercept": 5.450670371327372,
    "r2": 0.9698745033955349,
    "xmin": 0.05,
    "xmax": 0.45
  },
  "N_rms": {
    "N_rms": 0.2704246218866673,
    "sigma_Phi_total": 6.796512043751613
  }
}