{
  "N_rms": 0.18485588783511314,
  "sigma_Phi_total": 4.645935193564882
}