{
  "slope_all": -0.6720897353164655,
  "intercept_all": 2.964659398653472,
  "AIC1": -186.97722743317692,
  "left_slope": -0.25628030205338276,
  "right_slope": -1.488021638773266,
  "AIC2": -477.74747148190386,
  "split_x": 0.27568184681279917
}