{
  "slope": -3.9228610374987003,
  "intercept": -0.5614515718538432,
  "r2": 0.9958178014629646,
  "xmin": 0.07057257132545426,
  "xmax": 0.21171771397636277
}