{
  "slope": -3.715663784329214,
  "intercept": -3.3073405331916943,
  "r2": 0.9936864801659001,
  "xmin": 0.07057257132545426,
  "xmax": 0.21171771397636277
}