{
  "slope": -4.721867473243023,
  "intercept": -1.4746632520159328,
  "r2": 0.9892550933898816,
  "xmin": 0.03501221846193713,
  "xmax": 0.31510996615743414
}