{
  "N_rms": 0.2704246218866673,
  "sigma_Phi_total": 6.796512043751613
}