{
  "slope": -3.655927213432858,
  "intercept": -3.3258944722405794,
  "r2": 0.9943421147048914,
  "xmin": 0.03501221846193713,
  "xmax": 0.31510996615743414
}