{
  "Directional": {
    "slope": -3.715663784329214,
    "intercept": -3.3073405331916943,
    "r2": 0.9936864801659001,
    "xmin": 0.07057257132545426,
    "xmax": 0.21171771397636277
  },
  "PSA": {
    "slope": -4.392552036436713,
    "intercept": -0.5004615231084005,
    "r2": 0.988126897624731,
    "xmin": 0.07057257132545426,
    "xmax": 0.21171771397636277
  },
  "PFA": {
    "slope_all": -0.6720897353164655,
    "intercept_all": 2.964659398653472,
    "AIC1": -186.97722743317692,
    "left_slope": -0.25628030205338276,
    "right_slope": -1.488021638773266,
    "AIC2": -477.74747148190386,
    "split_x": 0.27568184681279917
  },
  "Derivative": {
    "slope": -1.120616626088669,
    "intercept": 5.808277393130588,
    "r2": 0.9727726719019595,
    "xmin": 0.1,
    "xmax": 0.3
  },
  "N_rms": {
    "N_rms": 0.18485588783511314,
    "sigma_Phi_total": 4.645935193564882
  }
}