{
  "slope": -3.451040751642938,
  "intercept": -3.341454093230114,
  "r2": 0.9929211455834167,
  "xmin": 0.07057257132545426,
  "xmax": 0.21171771397636277
}