{
  "slope": -1.1177027420052246,
  "intercept": 5.693393565667412,
  "r2": 0.9469749938910367,
  "xmin": 0.1,
  "xmax": 0.3
}