{
  "slope_all": -0.6260474894244461,
  "intercept_all": 2.9923917063638963,
  "AIC1": -213.58181171641868,
  "left_slope": -0.29068871888069264,
  "right_slope": -1.2066613249944689,
  "AIC2": -412.7005152055902,
  "split_x": 0.27568184681279917
}