{
  "N_rms": 0.22394220461340106,
  "sigma_Phi_total": 5.628281478737304
}