{
  "slope_all": -0.8646459507135282,
  "intercept_all": 2.4810343462881472,
  "AIC1": -192.107977570365,
  "left_slope": -0.4687223600757182,
  "right_slope": -1.5335918413904928,
  "AIC2": -430.7837360818967,
  "split_x": 0.27568184681279917
}