{
  "slope": -4.392552036436713,
  "intercept": -0.5004615231084005,
  "r2": 0.988126897624731,
  "xmin": 0.07057257132545426,
  "xmax": 0.21171771397636277
}