{
  "slope": -0.5107442647444913,
  "intercept": 5.803950183857933,
  "r2": 0.4701025657446224
}