{
  "slope": -0.413829684181166,
  "intercept": 5.967936444065949,
  "r2": 0.3911251666046166
}