{
  "slope": -0.6881762866048721,
  "intercept": 5.439963961897252,
  "r2": 0.5210183187030112
}